user_id,session_length
p3b4e81f-79de-4937-ba87-aec8e7e731af,766.2333333492279
33c08c48-f50a-4c72-a975-f8572d65a8db,766.1166666448116
a8c60645-aef4-4b4e-aefb-65e242536c2f,745.8166667819023
a8c60645-aef4-4b4e-aefb-65e242536c2f,742.60000012815
5dafb3b2-22aa-4039-a2f0-3cf711f84177,724.0500001609325
45887b17-5c63-410d-9ae3-e645743c3076,720.2166668325663
tc83470b-61c3-48c5-9bf3-9d623942e2ec,681.7499995976686
2c4c1aa0-5dd6-4fc1-b474-6c2ed92dd43c,681.5000002831221
2e5d8815-4e59-4302-99c0-6fc9593a2eef,679.7833335399628
p3b4e81f-79de-4937-ba87-aec8e7e731af,674.0166666358709
2c4c1aa0-5dd6-4fc1-b474-6c2ed92dd43c,673.3666668087244
p3b4e81f-79de-4937-ba87-aec8e7e731af,669.783333465457
a8c60645-aef4-4b4e-aefb-65e242536c2f,664.1666670888662
8ee31b32-9b50-47da-8927-801a62348cb5,659.9666664004326
a8c60645-aef4-4b4e-aefb-65e242536c2f,659.2499995976686
0b99d382-ea52-4a1d-8e9e-218933c0d7b8,657.6666668057442
1fcdd2f5-13ed-4ee8-b4ec-706654e68472,652.9999999701977
2e5d8815-4e59-4302-99c0-6fc9593a2eef,650.8333336561918
8ee31b32-9b50-47da-8927-801a62348cb5,649.966666996479
36ca1a7a-a927-4838-bb36-4fcd974014c9,644.2833336442709
oab91046-1831-436d-a41d-da6ba1b2d385,641.3833339512348
8ee31b32-9b50-47da-8927-801a62348cb5,634.1666668653488
abce78a1-f8e6-4e9b-aafe-9786846e089e,632.4500001221895
f85a9fe3-1744-4181-b81c-a8f93df57f02,631.4666667580605
a8c60645-aef4-4b4e-aefb-65e242536c2f,627.9833328723907
p3b4e81f-79de-4937-ba87-aec8e7e731af,623.9333333820105
1f55d290-49ff-4512-b1c1-ee92ec9680ab,619.6499998122454
0b99d382-ea52-4a1d-8e9e-218933c0d7b8,613.5166662186384
tc83470b-61c3-48c5-9bf3-9d623942e2ec,610.6333331018686
495958c6-3d03-43e3-b324-b3191d5c78f1,608.9333336055279
tc83470b-61c3-48c5-9bf3-9d623942e2ec,606.883333325386
a59f9f64-2937-40e6-bc28-e43fbab63a65,600.383333042264
0b99d382-ea52-4a1d-8e9e-218933c0d7b8,593.8500002771616
495958c6-3d03-43e3-b324-b3191d5c78f1,578.7499997019768
0b99d382-ea52-4a1d-8e9e-218933c0d7b8,578.3500005304813
bfa0f1f9-300e-41ad-bcff-0c3bd79595f1,575.4166670143604
6ecc43f1-87f4-4a10-b9b9-4447a5d0bc22,571.2999998778105
36ca1a7a-a927-4838-bb36-4fcd974014c9,568.0666666477919
2c4c1aa0-5dd6-4fc1-b474-6c2ed92dd43c,563.4166670590639
45887b17-5c63-410d-9ae3-e645743c3076,556.4499999582767
2c4c1aa0-5dd6-4fc1-b474-6c2ed92dd43c,556.3333332538605
p3b4e81f-79de-4937-ba87-aec8e7e731af,553.5333336889744
495958c6-3d03-43e3-b324-b3191d5c78f1,553.1333331763744
oab91046-1831-436d-a41d-da6ba1b2d385,552.3500000685453
p3b4e81f-79de-4937-ba87-aec8e7e731af,550.8833333104849
33c08c48-f50a-4c72-a975-f8572d65a8db,550.8666667342186
a59f9f64-2937-40e6-bc28-e43fbab63a65,547.0999997109175
oab91046-1831-436d-a41d-da6ba1b2d385,546.1999998986721
a8c60645-aef4-4b4e-aefb-65e242536c2f,540.9666667878628
f85a9fe3-1744-4181-b81c-a8f93df57f02,540.516666546464
tc83470b-61c3-48c5-9bf3-9d623942e2ec,539.5333331823349
a59f9f64-2937-40e6-bc28-e43fbab63a65,534.999999627471
a8c60645-aef4-4b4e-aefb-65e242536c2f,534.2499996721745
2e5d8815-4e59-4302-99c0-6fc9593a2eef,532.1499996632338
tc83470b-61c3-48c5-9bf3-9d623942e2ec,531.1666662991047
45887b17-5c63-410d-9ae3-e645743c3076,530.6833335757256
2e5d8815-4e59-4302-99c0-6fc9593a2eef,530.450000166893
d22c03ba-00f7-4473-bc9d-61136643994f,529.7166667878628
1f55d290-49ff-4512-b1c1-ee92ec9680ab,525.9999994933605
67e4c352-bda1-4289-b0a4-0e25f67af5f2,524.5999997109175
d22c03ba-00f7-4473-bc9d-61136643994f,524.4500005245209
1f55d290-49ff-4512-b1c1-ee92ec9680ab,520.4999998211861
5dafb3b2-22aa-4039-a2f0-3cf711f84177,519.100000038743
tc83470b-61c3-48c5-9bf3-9d623942e2ec,512.1000004559755
0b99d382-ea52-4a1d-8e9e-218933c0d7b8,510.94999998807907
45887b17-5c63-410d-9ae3-e645743c3076,510.4833338409662
abce78a1-f8e6-4e9b-aafe-9786846e089e,510.31666673719883
67e4c352-bda1-4289-b0a4-0e25f67af5f2,508.48333328962326
bfa0f1f9-300e-41ad-bcff-0c3bd79595f1,508.11666660010815
36ca1a7a-a927-4838-bb36-4fcd974014c9,503.7999998778105
1f55d290-49ff-4512-b1c1-ee92ec9680ab,502.23333299160004
b12841ab-ad59-42bc-ad7c-8e9c97cb8fba,497.1833335608244
0b99d382-ea52-4a1d-8e9e-218933c0d7b8,495.61666667461395
tc83470b-61c3-48c5-9bf3-9d623942e2ec,494.9833334237337
2c4c1aa0-5dd6-4fc1-b474-6c2ed92dd43c,494.8499994724989
98ea63ee-bba1-4ea5-8ada-1d0a2dd1f6fd,494.6333333104849
8ee31b32-9b50-47da-8927-801a62348cb5,481.41666658222675
0e581334-ccca-4141-9731-ddf544b1c549,481.0999996215105
67e4c352-bda1-4289-b0a4-0e25f67af5f2,480.5000001937151
abce78a1-f8e6-4e9b-aafe-9786846e089e,479.5999997109175
abce78a1-f8e6-4e9b-aafe-9786846e089e,476.09999991953373
33c08c48-f50a-4c72-a975-f8572d65a8db,469.71666634082794
5dafb3b2-22aa-4039-a2f0-3cf711f84177,466.3166666775942
36ca1a7a-a927-4838-bb36-4fcd974014c9,465.7666663080454
1f55d290-49ff-4512-b1c1-ee92ec9680ab,465.2499997615814
67e4c352-bda1-4289-b0a4-0e25f67af5f2,463.050000295043
f85a9fe3-1744-4181-b81c-a8f93df57f02,461.6333332657814
b12841ab-ad59-42bc-ad7c-8e9c97cb8fba,460.60000017285347
bfa0f1f9-300e-41ad-bcff-0c3bd79595f1,459.4999994337559
bfa0f1f9-300e-41ad-bcff-0c3bd79595f1,456.3166666030884
b12841ab-ad59-42bc-ad7c-8e9c97cb8fba,456.1833333224058
98ea63ee-bba1-4ea5-8ada-1d0a2dd1f6fd,452.8666665405035
d22c03ba-00f7-4473-bc9d-61136643994f,445.98333299160004
36ca1a7a-a927-4838-bb36-4fcd974014c9,443.6000005155802
bfa0f1f9-300e-41ad-bcff-0c3bd79595f1,442.59999990463257
0e581334-ccca-4141-9731-ddf544b1c549,441.8166667968035
oab91046-1831-436d-a41d-da6ba1b2d385,441.6833335161209
a59f9f64-2937-40e6-bc28-e43fbab63a65,441.36666655540466
p3b4e81f-79de-4937-ba87-aec8e7e731af,438.4999993443489
a59f9f64-2937-40e6-bc28-e43fbab63a65,436.88333339989185
5dafb3b2-22aa-4039-a2f0-3cf711f84177,436.6833331435919
a8c60645-aef4-4b4e-aefb-65e242536c2f,425.18333315849304
f85a9fe3-1744-4181-b81c-a8f93df57f02,423.26666682958603
a8c60645-aef4-4b4e-aefb-65e242536c2f,417.3166662454605
a59f9f64-2937-40e6-bc28-e43fbab63a65,417.1166666597128
98ea63ee-bba1-4ea5-8ada-1d0a2dd1f6fd,416.6499998420477
1f55d290-49ff-4512-b1c1-ee92ec9680ab,415.4833334684372
0e581334-ccca-4141-9731-ddf544b1c549,414.31666642427444
abce78a1-f8e6-4e9b-aafe-9786846e089e,413.11666689813137
8ee31b32-9b50-47da-8927-801a62348cb5,404.86666671931744
6ecc43f1-87f4-4a10-b9b9-4447a5d0bc22,403.7999998033047
b12841ab-ad59-42bc-ad7c-8e9c97cb8fba,401.51666678488255
2e5d8815-4e59-4302-99c0-6fc9593a2eef,398.7166665494442
45887b17-5c63-410d-9ae3-e645743c3076,398.1333330273628
0e581334-ccca-4141-9731-ddf544b1c549,397.0166663825512
tc83470b-61c3-48c5-9bf3-9d623942e2ec,396.93333350121975
a59f9f64-2937-40e6-bc28-e43fbab63a65,395.53333304822445
b12841ab-ad59-42bc-ad7c-8e9c97cb8fba,395.4166670143604
6ecc43f1-87f4-4a10-b9b9-4447a5d0bc22,393.7333334237337
f85a9fe3-1744-4181-b81c-a8f93df57f02,392.6999996602535
6ecc43f1-87f4-4a10-b9b9-4447a5d0bc22,389.5666665583849
98ea63ee-bba1-4ea5-8ada-1d0a2dd1f6fd,388.9833330363035
0e581334-ccca-4141-9731-ddf544b1c549,382.5666669756174
33c08c48-f50a-4c72-a975-f8572d65a8db,373.55000026524067
b12841ab-ad59-42bc-ad7c-8e9c97cb8fba,373.48333328962326
0b99d382-ea52-4a1d-8e9e-218933c0d7b8,371.48333340883255
2e5d8815-4e59-4302-99c0-6fc9593a2eef,370.2833332121372
0b99d382-ea52-4a1d-8e9e-218933c0d7b8,366.5333327651024
abce78a1-f8e6-4e9b-aafe-9786846e089e,364.64999958872795
2c4c1aa0-5dd6-4fc1-b474-6c2ed92dd43c,360.9666661173105
36ca1a7a-a927-4838-bb36-4fcd974014c9,360.2000002563
0b99d382-ea52-4a1d-8e9e-218933c0d7b8,359.01666663587093
36ca1a7a-a927-4838-bb36-4fcd974014c9,355.63333354890347
1f55d290-49ff-4512-b1c1-ee92ec9680ab,355.18333330750465
abce78a1-f8e6-4e9b-aafe-9786846e089e,354.23333309590816
98ea63ee-bba1-4ea5-8ada-1d0a2dd1f6fd,352.31666676700115
67e4c352-bda1-4289-b0a4-0e25f67af5f2,350.766666457057
p3b4e81f-79de-4937-ba87-aec8e7e731af,344.1333328932524
0e581334-ccca-4141-9731-ddf544b1c549,343.83333317935467
98ea63ee-bba1-4ea5-8ada-1d0a2dd1f6fd,343.18333335220814
1fcdd2f5-13ed-4ee8-b4ec-706654e68472,341.6499996185303
33c08c48-f50a-4c72-a975-f8572d65a8db,339.83333341777325
5dafb3b2-22aa-4039-a2f0-3cf711f84177,338.79999965429306
d22c03ba-00f7-4473-bc9d-61136643994f,333.93333323299885
abce78a1-f8e6-4e9b-aafe-9786846e089e,331.71666719019413
abce78a1-f8e6-4e9b-aafe-9786846e089e,331.566666662693
67e4c352-bda1-4289-b0a4-0e25f67af5f2,330.4666665941477
8ee31b32-9b50-47da-8927-801a62348cb5,327.9666667431593
98ea63ee-bba1-4ea5-8ada-1d0a2dd1f6fd,327.14999981224537
495958c6-3d03-43e3-b324-b3191d5c78f1,326.2333334237337
2e5d8815-4e59-4302-99c0-6fc9593a2eef,325.73333345353603
2e5d8815-4e59-4302-99c0-6fc9593a2eef,325.3999999165535
2c4c1aa0-5dd6-4fc1-b474-6c2ed92dd43c,324.85000021755695
5dafb3b2-22aa-4039-a2f0-3cf711f84177,322.8833334892988
bfa0f1f9-300e-41ad-bcff-0c3bd79595f1,322.21666641533375
f85a9fe3-1744-4181-b81c-a8f93df57f02,321.6333335638046
oab91046-1831-436d-a41d-da6ba1b2d385,320.616667047143
b12841ab-ad59-42bc-ad7c-8e9c97cb8fba,319.1500002890825
5dafb3b2-22aa-4039-a2f0-3cf711f84177,317.05000028014183
tc83470b-61c3-48c5-9bf3-9d623942e2ec,317.0333330333233
d22c03ba-00f7-4473-bc9d-61136643994f,316.600000038743
8ee31b32-9b50-47da-8927-801a62348cb5,314.35000017285347
f85a9fe3-1744-4181-b81c-a8f93df57f02,314.01666663587093
1fcdd2f5-13ed-4ee8-b4ec-706654e68472,312.4333331733942
abce78a1-f8e6-4e9b-aafe-9786846e089e,312.0166667550802
0e581334-ccca-4141-9731-ddf544b1c549,310.68333327770233
1fcdd2f5-13ed-4ee8-b4ec-706654e68472,309.21666719019413
6ecc43f1-87f4-4a10-b9b9-4447a5d0bc22,309.14999954402447
0b99d382-ea52-4a1d-8e9e-218933c0d7b8,308.6166664212942
tc83470b-61c3-48c5-9bf3-9d623942e2ec,308.0166669934988
0b99d382-ea52-4a1d-8e9e-218933c0d7b8,307.80000016093254
0e581334-ccca-4141-9731-ddf544b1c549,306.6166665405035
a8c60645-aef4-4b4e-aefb-65e242536c2f,306.41666628420353
d22c03ba-00f7-4473-bc9d-61136643994f,305.6833329051733
67e4c352-bda1-4289-b0a4-0e25f67af5f2,305.30000030994415
p3b4e81f-79de-4937-ba87-aec8e7e731af,304.1166666895151
bfa0f1f9-300e-41ad-bcff-0c3bd79595f1,301.11666686832905
oab91046-1831-436d-a41d-da6ba1b2d385,298.11666637659073
67e4c352-bda1-4289-b0a4-0e25f67af5f2,297.5166669487953
tc83470b-61c3-48c5-9bf3-9d623942e2ec,295.9500000625849
b12841ab-ad59-42bc-ad7c-8e9c97cb8fba,295.800000205636
d22c03ba-00f7-4473-bc9d-61136643994f,295.7833329588175
a59f9f64-2937-40e6-bc28-e43fbab63a65,295.7666663825512
67e4c352-bda1-4289-b0a4-0e25f67af5f2,294.66666631400585
33c08c48-f50a-4c72-a975-f8572d65a8db,293.61666664481163
33c08c48-f50a-4c72-a975-f8572d65a8db,292.383333966136
67e4c352-bda1-4289-b0a4-0e25f67af5f2,291.39999993145466
1fcdd2f5-13ed-4ee8-b4ec-706654e68472,290.18333315849304
abce78a1-f8e6-4e9b-aafe-9786846e089e,286.34999983012676
b12841ab-ad59-42bc-ad7c-8e9c97cb8fba,285.7166672497988
p3b4e81f-79de-4937-ba87-aec8e7e731af,284.5166663825512
b12841ab-ad59-42bc-ad7c-8e9c97cb8fba,283.89999970793724
67e4c352-bda1-4289-b0a4-0e25f67af5f2,283.7000001221895
oab91046-1831-436d-a41d-da6ba1b2d385,282.35000006854534
a8c60645-aef4-4b4e-aefb-65e242536c2f,282.3166662454605
98ea63ee-bba1-4ea5-8ada-1d0a2dd1f6fd,281.76666654646397
1fcdd2f5-13ed-4ee8-b4ec-706654e68472,281.5833328664303
8ee31b32-9b50-47da-8927-801a62348cb5,278.15000005066395
a59f9f64-2937-40e6-bc28-e43fbab63a65,275.1333336532116
495958c6-3d03-43e3-b324-b3191d5c78f1,270.8666666597128
45887b17-5c63-410d-9ae3-e645743c3076,270.23333340883255
b12841ab-ad59-42bc-ad7c-8e9c97cb8fba,269.7333334386349
0e581334-ccca-4141-9731-ddf544b1c549,268.21666695177555
5dafb3b2-22aa-4039-a2f0-3cf711f84177,266.98333360254765
p3b4e81f-79de-4937-ba87-aec8e7e731af,265.9833336621523
45887b17-5c63-410d-9ae3-e645743c3076,264.01666693389416
6ecc43f1-87f4-4a10-b9b9-4447a5d0bc22,262.96666726469994
495958c6-3d03-43e3-b324-b3191d5c78f1,260.8500000089407
1f55d290-49ff-4512-b1c1-ee92ec9680ab,258.43333303928375
a59f9f64-2937-40e6-bc28-e43fbab63a65,257.8333329409361
45887b17-5c63-410d-9ae3-e645743c3076,257.5333332270384
495958c6-3d03-43e3-b324-b3191d5c78f1,257.19999969005585
1fcdd2f5-13ed-4ee8-b4ec-706654e68472,256.6666665673256
f85a9fe3-1744-4181-b81c-a8f93df57f02,255.70000045001507
67e4c352-bda1-4289-b0a4-0e25f67af5f2,254.76666681468487
2c4c1aa0-5dd6-4fc1-b474-6c2ed92dd43c,252.58333325386047
b12841ab-ad59-42bc-ad7c-8e9c97cb8fba,251.51666700839996
6ecc43f1-87f4-4a10-b9b9-4447a5d0bc22,250.78333362936974
abce78a1-f8e6-4e9b-aafe-9786846e089e,250.04999957978725
33c08c48-f50a-4c72-a975-f8572d65a8db,249.4999998807907
d22c03ba-00f7-4473-bc9d-61136643994f,248.0500003695488
5dafb3b2-22aa-4039-a2f0-3cf711f84177,247.5833335518837
45887b17-5c63-410d-9ae3-e645743c3076,246.36666677892208
33c08c48-f50a-4c72-a975-f8572d65a8db,245.1166668534279
f85a9fe3-1744-4181-b81c-a8f93df57f02,244.90000002086163
0b99d382-ea52-4a1d-8e9e-218933c0d7b8,244.76666674017906
5dafb3b2-22aa-4039-a2f0-3cf711f84177,242.34999977052212
2c4c1aa0-5dd6-4fc1-b474-6c2ed92dd43c,240.68333342671394
b12841ab-ad59-42bc-ad7c-8e9c97cb8fba,239.7999995201826
a8c60645-aef4-4b4e-aefb-65e242536c2f,239.08333338797092
2c4c1aa0-5dd6-4fc1-b474-6c2ed92dd43c,238.21666672825813
p3b4e81f-79de-4937-ba87-aec8e7e731af,237.64999978244305
2e5d8815-4e59-4302-99c0-6fc9593a2eef,235.50000004470348
6ecc43f1-87f4-4a10-b9b9-4447a5d0bc22,235.4833334684372
p3b4e81f-79de-4937-ba87-aec8e7e731af,235.4833334684372
0e581334-ccca-4141-9731-ddf544b1c549,235.0833336263895
495958c6-3d03-43e3-b324-b3191d5c78f1,234.6333333849907
b12841ab-ad59-42bc-ad7c-8e9c97cb8fba,233.81666645407677
2e5d8815-4e59-4302-99c0-6fc9593a2eef,232.58333310484886
a59f9f64-2937-40e6-bc28-e43fbab63a65,231.90000012516975
495958c6-3d03-43e3-b324-b3191d5c78f1,231.06666661798954
f85a9fe3-1744-4181-b81c-a8f93df57f02,231.06666661798954
45887b17-5c63-410d-9ae3-e645743c3076,229.0499994903803
36ca1a7a-a927-4838-bb36-4fcd974014c9,227.91666626930237
2c4c1aa0-5dd6-4fc1-b474-6c2ed92dd43c,227.38333381712437
p3b4e81f-79de-4937-ba87-aec8e7e731af,226.35000005364418
36ca1a7a-a927-4838-bb36-4fcd974014c9,224.76666659116745
2c4c1aa0-5dd6-4fc1-b474-6c2ed92dd43c,224.1666664928198
d22c03ba-00f7-4473-bc9d-61136643994f,224.1333333402872
67e4c352-bda1-4289-b0a4-0e25f67af5f2,223.43333311378956
33c08c48-f50a-4c72-a975-f8572d65a8db,223.1166661530733
8ee31b32-9b50-47da-8927-801a62348cb5,221.74999952316284
6ecc43f1-87f4-4a10-b9b9-4447a5d0bc22,221.28333337605
d22c03ba-00f7-4473-bc9d-61136643994f,220.84999971091747
f85a9fe3-1744-4181-b81c-a8f93df57f02,219.5500000566244
0e581334-ccca-4141-9731-ddf544b1c549,219.23333309590816
tc83470b-61c3-48c5-9bf3-9d623942e2ec,218.7833335250616
67e4c352-bda1-4289-b0a4-0e25f67af5f2,218.3333332836628
67e4c352-bda1-4289-b0a4-0e25f67af5f2,217.9333334416151
8ee31b32-9b50-47da-8927-801a62348cb5,217.59999990463257
495958c6-3d03-43e3-b324-b3191d5c78f1,215.80000028014183
d22c03ba-00f7-4473-bc9d-61136643994f,214.85000006854534
b12841ab-ad59-42bc-ad7c-8e9c97cb8fba,212.76666663587093
495958c6-3d03-43e3-b324-b3191d5c78f1,212.33333364129066
oab91046-1831-436d-a41d-da6ba1b2d385,211.53333328664303
98ea63ee-bba1-4ea5-8ada-1d0a2dd1f6fd,210.75000017881393
495958c6-3d03-43e3-b324-b3191d5c78f1,208.233333081007
1f55d290-49ff-4512-b1c1-ee92ec9680ab,207.74999968707561
p3b4e81f-79de-4937-ba87-aec8e7e731af,205.86666651070118
45887b17-5c63-410d-9ae3-e645743c3076,205.21666668355465
8ee31b32-9b50-47da-8927-801a62348cb5,203.23333337903023
tc83470b-61c3-48c5-9bf3-9d623942e2ec,200.98333351314068
36ca1a7a-a927-4838-bb36-4fcd974014c9,198.79999995231628
36ca1a7a-a927-4838-bb36-4fcd974014c9,197.96666644513607
d22c03ba-00f7-4473-bc9d-61136643994f,197.11666703224182
0b99d382-ea52-4a1d-8e9e-218933c0d7b8,195.94999998807907
f85a9fe3-1744-4181-b81c-a8f93df57f02,194.74999979138374
bfa0f1f9-300e-41ad-bcff-0c3bd79595f1,193.7333332747221
33c08c48-f50a-4c72-a975-f8572d65a8db,193.38333316147327
0b99d382-ea52-4a1d-8e9e-218933c0d7b8,191.9333329796791
98ea63ee-bba1-4ea5-8ada-1d0a2dd1f6fd,191.3333335518837
oab91046-1831-436d-a41d-da6ba1b2d385,190.98333343863487
1f55d290-49ff-4512-b1c1-ee92ec9680ab,190.13333335518837
2c4c1aa0-5dd6-4fc1-b474-6c2ed92dd43c,189.0833330154419
b12841ab-ad59-42bc-ad7c-8e9c97cb8fba,188.73333357274532
tc83470b-61c3-48c5-9bf3-9d623942e2ec,187.9833336174488
p3b4e81f-79de-4937-ba87-aec8e7e731af,187.61666625738144
a59f9f64-2937-40e6-bc28-e43fbab63a65,187.38333351910114
6ecc43f1-87f4-4a10-b9b9-4447a5d0bc22,187.35000036656857
33c08c48-f50a-4c72-a975-f8572d65a8db,186.48333370685577
33c08c48-f50a-4c72-a975-f8572d65a8db,184.21666659414768
45887b17-5c63-410d-9ae3-e645743c3076,183.7833335995674
1f55d290-49ff-4512-b1c1-ee92ec9680ab,182.4666666984558
36ca1a7a-a927-4838-bb36-4fcd974014c9,180.8500000834465
1f55d290-49ff-4512-b1c1-ee92ec9680ab,180.73333337903023
5dafb3b2-22aa-4039-a2f0-3cf711f84177,179.76666659116745
495958c6-3d03-43e3-b324-b3191d5c78f1,179.31666634976864
67e4c352-bda1-4289-b0a4-0e25f67af5f2,178.78333322703838
a8c60645-aef4-4b4e-aefb-65e242536c2f,178.16666655242443
1fcdd2f5-13ed-4ee8-b4ec-706654e68472,176.53333336114883
1fcdd2f5-13ed-4ee8-b4ec-706654e68472,176.36666625738144
495958c6-3d03-43e3-b324-b3191d5c78f1,176.33333310484886
36ca1a7a-a927-4838-bb36-4fcd974014c9,175.15000015497208
2c4c1aa0-5dd6-4fc1-b474-6c2ed92dd43c,175.1333335787058
67e4c352-bda1-4289-b0a4-0e25f67af5f2,175.0333334505558
0e581334-ccca-4141-9731-ddf544b1c549,174.85000044107437
d22c03ba-00f7-4473-bc9d-61136643994f,174.7833327949047
f85a9fe3-1744-4181-b81c-a8f93df57f02,172.83333331346512
bfa0f1f9-300e-41ad-bcff-0c3bd79595f1,172.0999999344349
oab91046-1831-436d-a41d-da6ba1b2d385,170.7833330333233
2e5d8815-4e59-4302-99c0-6fc9593a2eef,170.28333373367786
a59f9f64-2937-40e6-bc28-e43fbab63a65,170.08333280682564
a8c60645-aef4-4b4e-aefb-65e242536c2f,170.0666669011116
2c4c1aa0-5dd6-4fc1-b474-6c2ed92dd43c,169.7833337634802
98ea63ee-bba1-4ea5-8ada-1d0a2dd1f6fd,169.05000038444996
8ee31b32-9b50-47da-8927-801a62348cb5,168.41666646301746
495958c6-3d03-43e3-b324-b3191d5c78f1,168.01666662096977
8ee31b32-9b50-47da-8927-801a62348cb5,167.78333321213722
b12841ab-ad59-42bc-ad7c-8e9c97cb8fba,167.76666663587093
oab91046-1831-436d-a41d-da6ba1b2d385,167.76666663587093
a59f9f64-2937-40e6-bc28-e43fbab63a65,167.19999969005585
b12841ab-ad59-42bc-ad7c-8e9c97cb8fba,167.16666720807552
abce78a1-f8e6-4e9b-aafe-9786846e089e,166.949999704957
b12841ab-ad59-42bc-ad7c-8e9c97cb8fba,166.23333357274532
98ea63ee-bba1-4ea5-8ada-1d0a2dd1f6fd,165.75000017881393
6ecc43f1-87f4-4a10-b9b9-4447a5d0bc22,165.53333334624767
0b99d382-ea52-4a1d-8e9e-218933c0d7b8,165.00000022351742
f85a9fe3-1744-4181-b81c-a8f93df57f02,164.5499999821186
1fcdd2f5-13ed-4ee8-b4ec-706654e68472,163.1499995291233
2c4c1aa0-5dd6-4fc1-b474-6c2ed92dd43c,162.71666653454304
abce78a1-f8e6-4e9b-aafe-9786846e089e,162.0666667073965
2c4c1aa0-5dd6-4fc1-b474-6c2ed92dd43c,161.9833331555128
1f55d290-49ff-4512-b1c1-ee92ec9680ab,161.15000031888485
b12841ab-ad59-42bc-ad7c-8e9c97cb8fba,160.8166667819023
6ecc43f1-87f4-4a10-b9b9-4447a5d0bc22,160.75000047683716
45887b17-5c63-410d-9ae3-e645743c3076,158.6499997973442
1f55d290-49ff-4512-b1c1-ee92ec9680ab,158.63333322107792
45887b17-5c63-410d-9ae3-e645743c3076,156.6333333402872
2e5d8815-4e59-4302-99c0-6fc9593a2eef,156.59999951720238
5dafb3b2-22aa-4039-a2f0-3cf711f84177,155.45000039041042
oab91046-1831-436d-a41d-da6ba1b2d385,154.7166670113802
a8c60645-aef4-4b4e-aefb-65e242536c2f,154.69999976456165
2c4c1aa0-5dd6-4fc1-b474-6c2ed92dd43c,154.2333336174488
f85a9fe3-1744-4181-b81c-a8f93df57f02,152.48333305120468
2c4c1aa0-5dd6-4fc1-b474-6c2ed92dd43c,152.11666703224182
oab91046-1831-436d-a41d-da6ba1b2d385,151.53333351016045
2e5d8815-4e59-4302-99c0-6fc9593a2eef,150.70000000298023
6ecc43f1-87f4-4a10-b9b9-4447a5d0bc22,150.21666660904884
bfa0f1f9-300e-41ad-bcff-0c3bd79595f1,149.39999967813492
67e4c352-bda1-4289-b0a4-0e25f67af5f2,149.34999994933605
2c4c1aa0-5dd6-4fc1-b474-6c2ed92dd43c,148.8166668266058
oab91046-1831-436d-a41d-da6ba1b2d385,148.68333354592323
a8c60645-aef4-4b4e-aefb-65e242536c2f,146.7333333939314
8ee31b32-9b50-47da-8927-801a62348cb5,144.10000026226044
67e4c352-bda1-4289-b0a4-0e25f67af5f2,144.0833330154419
33c08c48-f50a-4c72-a975-f8572d65a8db,143.34999963641167
6ecc43f1-87f4-4a10-b9b9-4447a5d0bc22,143.2833333313465
2e5d8815-4e59-4302-99c0-6fc9593a2eef,142.4666664004326
d22c03ba-00f7-4473-bc9d-61136643994f,142.23333299160004
495958c6-3d03-43e3-b324-b3191d5c78f1,142.11666628718376
5dafb3b2-22aa-4039-a2f0-3cf711f84177,141.01666621863842
45887b17-5c63-410d-9ae3-e645743c3076,140.96666648983955
5dafb3b2-22aa-4039-a2f0-3cf711f84177,139.23333384096622
tc83470b-61c3-48c5-9bf3-9d623942e2ec,137.8833331167698
0e581334-ccca-4141-9731-ddf544b1c549,134.5333331823349
67e4c352-bda1-4289-b0a4-0e25f67af5f2,134.1666664928198
6ecc43f1-87f4-4a10-b9b9-4447a5d0bc22,134.1499999165535
0e581334-ccca-4141-9731-ddf544b1c549,134.11666676402092
a8c60645-aef4-4b4e-aefb-65e242536c2f,133.3666668087244
1f55d290-49ff-4512-b1c1-ee92ec9680ab,132.79999986290932
b12841ab-ad59-42bc-ad7c-8e9c97cb8fba,131.61666624248028
f85a9fe3-1744-4181-b81c-a8f93df57f02,131.25000022351742
5dafb3b2-22aa-4039-a2f0-3cf711f84177,131.03333339095116
495958c6-3d03-43e3-b324-b3191d5c78f1,130.5833338201046
5dafb3b2-22aa-4039-a2f0-3cf711f84177,130.5666672438383
a8c60645-aef4-4b4e-aefb-65e242536c2f,129.3083330243826
0b99d382-ea52-4a1d-8e9e-218933c0d7b8,128.53333353996277
abce78a1-f8e6-4e9b-aafe-9786846e089e,126.59999996423721
5dafb3b2-22aa-4039-a2f0-3cf711f84177,126.43333353102207
2c4c1aa0-5dd6-4fc1-b474-6c2ed92dd43c,125.98333328962326
495958c6-3d03-43e3-b324-b3191d5c78f1,125.2999996393919
67e4c352-bda1-4289-b0a4-0e25f67af5f2,124.48333337903023
bfa0f1f9-300e-41ad-bcff-0c3bd79595f1,124.28333312273026
p3b4e81f-79de-4937-ba87-aec8e7e731af,124.16666641831398
8ee31b32-9b50-47da-8927-801a62348cb5,123.61666671931744
495958c6-3d03-43e3-b324-b3191d5c78f1,123.41666646301746
1fcdd2f5-13ed-4ee8-b4ec-706654e68472,122.75000005960464
f85a9fe3-1744-4181-b81c-a8f93df57f02,122.06666707992554
36ca1a7a-a927-4838-bb36-4fcd974014c9,121.30000054836273
98ea63ee-bba1-4ea5-8ada-1d0a2dd1f6fd,120.91666661202908
5dafb3b2-22aa-4039-a2f0-3cf711f84177,120.51666676998138
1fcdd2f5-13ed-4ee8-b4ec-706654e68472,119.75000023841858
f85a9fe3-1744-4181-b81c-a8f93df57f02,119.65000011026859
98ea63ee-bba1-4ea5-8ada-1d0a2dd1f6fd,118.19999992847443
45887b17-5c63-410d-9ae3-e645743c3076,117.25000038743019
2c4c1aa0-5dd6-4fc1-b474-6c2ed92dd43c,117.14999958872795
1f55d290-49ff-4512-b1c1-ee92ec9680ab,116.74999974668026
a8c60645-aef4-4b4e-aefb-65e242536c2f,115.85000060498714
d22c03ba-00f7-4473-bc9d-61136643994f,114.36666660010815
8ee31b32-9b50-47da-8927-801a62348cb5,113.61666664481163
0b99d382-ea52-4a1d-8e9e-218933c0d7b8,113.20000022649765
2e5d8815-4e59-4302-99c0-6fc9593a2eef,113.01666654646397
5dafb3b2-22aa-4039-a2f0-3cf711f84177,112.80000038444996
8ee31b32-9b50-47da-8927-801a62348cb5,110.56666642427444
45887b17-5c63-410d-9ae3-e645743c3076,109.36666689813137
45887b17-5c63-410d-9ae3-e645743c3076,108.50000023841858
98ea63ee-bba1-4ea5-8ada-1d0a2dd1f6fd,108.43333326280117
495958c6-3d03-43e3-b324-b3191d5c78f1,107.26666688919067
33c08c48-f50a-4c72-a975-f8572d65a8db,107.23333306610584
2c4c1aa0-5dd6-4fc1-b474-6c2ed92dd43c,107.13333360850811
p3b4e81f-79de-4937-ba87-aec8e7e731af,106.73333376646042
0e581334-ccca-4141-9731-ddf544b1c549,106.28333352506161
98ea63ee-bba1-4ea5-8ada-1d0a2dd1f6fd,105.78333288431168
abce78a1-f8e6-4e9b-aafe-9786846e089e,105.75000040233135
8ee31b32-9b50-47da-8927-801a62348cb5,104.2000000923872
tc83470b-61c3-48c5-9bf3-9d623942e2ec,103.66666696965694
b12841ab-ad59-42bc-ad7c-8e9c97cb8fba,102.93333292007446
2e5d8815-4e59-4302-99c0-6fc9593a2eef,101.28333315253258
1f55d290-49ff-4512-b1c1-ee92ec9680ab,101.0833328962326
b12841ab-ad59-42bc-ad7c-8e9c97cb8fba,100.75000002980232
0b99d382-ea52-4a1d-8e9e-218933c0d7b8,100.11666677892208
0b99d382-ea52-4a1d-8e9e-218933c0d7b8,100.05000047385693
d22c03ba-00f7-4473-bc9d-61136643994f,99.48333352804184
p3b4e81f-79de-4937-ba87-aec8e7e731af,99.43333379924297
2e5d8815-4e59-4302-99c0-6fc9593a2eef,99.21666696667671
b12841ab-ad59-42bc-ad7c-8e9c97cb8fba,99.05000053346157
0e581334-ccca-4141-9731-ddf544b1c549,98.90000000596046
p3b4e81f-79de-4937-ba87-aec8e7e731af,98.11666622757912
a59f9f64-2937-40e6-bc28-e43fbab63a65,97.9833336174488
d22c03ba-00f7-4473-bc9d-61136643994f,96.6666667163372
f85a9fe3-1744-4181-b81c-a8f93df57f02,96.06666661798954
bfa0f1f9-300e-41ad-bcff-0c3bd79595f1,96.01666688919067
1f55d290-49ff-4512-b1c1-ee92ec9680ab,95.63333362340927
33c08c48-f50a-4c72-a975-f8572d65a8db,94.74999971687794
2e5d8815-4e59-4302-99c0-6fc9593a2eef,94.7333338111639
5dafb3b2-22aa-4039-a2f0-3cf711f84177,94.71666656434536
45887b17-5c63-410d-9ae3-e645743c3076,93.78333359956741
98ea63ee-bba1-4ea5-8ada-1d0a2dd1f6fd,93.78333359956741
98ea63ee-bba1-4ea5-8ada-1d0a2dd1f6fd,92.89999969303608
d22c03ba-00f7-4473-bc9d-61136643994f,92.03333303332329
6ecc43f1-87f4-4a10-b9b9-4447a5d0bc22,90.98333336412907
6ecc43f1-87f4-4a10-b9b9-4447a5d0bc22,90.89999981224537
36ca1a7a-a927-4838-bb36-4fcd974014c9,90.71666680276394
abce78a1-f8e6-4e9b-aafe-9786846e089e,89.93333369493484
8ee31b32-9b50-47da-8927-801a62348cb5,89.01666663587093
495958c6-3d03-43e3-b324-b3191d5c78f1,88.95000033080578
6ecc43f1-87f4-4a10-b9b9-4447a5d0bc22,87.95000039041042
tc83470b-61c3-48c5-9bf3-9d623942e2ec,87.91666656732559
bfa0f1f9-300e-41ad-bcff-0c3bd79595f1,87.8333330154419
p3b4e81f-79de-4937-ba87-aec8e7e731af,87.79999986290932
6ecc43f1-87f4-4a10-b9b9-4447a5d0bc22,87.71666698157787
36ca1a7a-a927-4838-bb36-4fcd974014c9,87.26666674017906
a59f9f64-2937-40e6-bc28-e43fbab63a65,87.23333358764648
6ecc43f1-87f4-4a10-b9b9-4447a5d0bc22,87.00000017881393
1fcdd2f5-13ed-4ee8-b4ec-706654e68472,86.38333350419998
a59f9f64-2937-40e6-bc28-e43fbab63a65,85.7999999821186
67e4c352-bda1-4289-b0a4-0e25f67af5f2,83.30000013113022
a59f9f64-2937-40e6-bc28-e43fbab63a65,82.18333281576633
1fcdd2f5-13ed-4ee8-b4ec-706654e68472,81.0000005364418
a8c60645-aef4-4b4e-aefb-65e242536c2f,80.69999948143959
98ea63ee-bba1-4ea5-8ada-1d0a2dd1f6fd,76.63333341479301
495958c6-3d03-43e3-b324-b3191d5c78f1,75.94999976456165
495958c6-3d03-43e3-b324-b3191d5c78f1,75.04999995231628
1fcdd2f5-13ed-4ee8-b4ec-706654e68472,74.75000023841858
2e5d8815-4e59-4302-99c0-6fc9593a2eef,74.58333380520344
1fcdd2f5-13ed-4ee8-b4ec-706654e68472,74.51666682958603
2e5d8815-4e59-4302-99c0-6fc9593a2eef,74.48333367705345
5dafb3b2-22aa-4039-a2f0-3cf711f84177,74.11666698753834
36ca1a7a-a927-4838-bb36-4fcd974014c9,73.76666687428951
33c08c48-f50a-4c72-a975-f8572d65a8db,73.71666714549065
a8c60645-aef4-4b4e-aefb-65e242536c2f,72.58333325386047
abce78a1-f8e6-4e9b-aafe-9786846e089e,71.88333369791508
0b99d382-ea52-4a1d-8e9e-218933c0d7b8,71.86666712164879
5dafb3b2-22aa-4039-a2f0-3cf711f84177,71.2333332002163
a59f9f64-2937-40e6-bc28-e43fbab63a65,70.96666663885117
1fcdd2f5-13ed-4ee8-b4ec-706654e68472,70.80000020563602
a8c60645-aef4-4b4e-aefb-65e242536c2f,70.80000020563602
8ee31b32-9b50-47da-8927-801a62348cb5,70.6666662544012
67e4c352-bda1-4289-b0a4-0e25f67af5f2,70.61666652560234
p3b4e81f-79de-4937-ba87-aec8e7e731af,70.4500000923872
495958c6-3d03-43e3-b324-b3191d5c78f1,70.13333313167095
b12841ab-ad59-42bc-ad7c-8e9c97cb8fba,69.99999985098839
45887b17-5c63-410d-9ae3-e645743c3076,69.35000002384186
f85a9fe3-1744-4181-b81c-a8f93df57f02,69.35000002384186
5dafb3b2-22aa-4039-a2f0-3cf711f84177,69.16666634380817
tc83470b-61c3-48c5-9bf3-9d623942e2ec,68.76666650176048
6ecc43f1-87f4-4a10-b9b9-4447a5d0bc22,68.14999982714653
98ea63ee-bba1-4ea5-8ada-1d0a2dd1f6fd,67.74999998509884
33c08c48-f50a-4c72-a975-f8572d65a8db,64.43333320319653
36ca1a7a-a927-4838-bb36-4fcd974014c9,63.099999725818634
bfa0f1f9-300e-41ad-bcff-0c3bd79595f1,62.33333319425583
1f55d290-49ff-4512-b1c1-ee92ec9680ab,61.949999928474426
b12841ab-ad59-42bc-ad7c-8e9c97cb8fba,61.81666664779186
5dafb3b2-22aa-4039-a2f0-3cf711f84177,61.733333095908165
1f55d290-49ff-4512-b1c1-ee92ec9680ab,61.333333253860474
45887b17-5c63-410d-9ae3-e645743c3076,61.249999701976776
bfa0f1f9-300e-41ad-bcff-0c3bd79595f1,60.81666670739651
2e5d8815-4e59-4302-99c0-6fc9593a2eef,60.46666659414768
tc83470b-61c3-48c5-9bf3-9d623942e2ec,60.21666660904884
b12841ab-ad59-42bc-ad7c-8e9c97cb8fba,59.43333350121975
67e4c352-bda1-4289-b0a4-0e25f67af5f2,59.39999967813492
67e4c352-bda1-4289-b0a4-0e25f67af5f2,57.499999925494194
2c4c1aa0-5dd6-4fc1-b474-6c2ed92dd43c,56.74999997019768
f85a9fe3-1744-4181-b81c-a8f93df57f02,56.533333137631416
1f55d290-49ff-4512-b1c1-ee92ec9680ab,56.133333295583725
bfa0f1f9-300e-41ad-bcff-0c3bd79595f1,55.81666700541973
5dafb3b2-22aa-4039-a2f0-3cf711f84177,54.04999986290932
8ee31b32-9b50-47da-8927-801a62348cb5,53.63333344459534
p3b4e81f-79de-4937-ba87-aec8e7e731af,52.533333376049995
b12841ab-ad59-42bc-ad7c-8e9c97cb8fba,51.9833330065012
0b99d382-ea52-4a1d-8e9e-218933c0d7b8,51.883333548903465
8ee31b32-9b50-47da-8927-801a62348cb5,51.599999740719795
0b99d382-ea52-4a1d-8e9e-218933c0d7b8,51.48333303630352
1fcdd2f5-13ed-4ee8-b4ec-706654e68472,49.650000259280205
33c08c48-f50a-4c72-a975-f8572d65a8db,49.60000053048134
0b99d382-ea52-4a1d-8e9e-218933c0d7b8,48.04999954998493
495958c6-3d03-43e3-b324-b3191d5c78f1,47.93333351612091
36ca1a7a-a927-4838-bb36-4fcd974014c9,45.84999941289425
5dafb3b2-22aa-4039-a2f0-3cf711f84177,45.749999955296516
1fcdd2f5-13ed-4ee8-b4ec-706654e68472,44.96666684746742
495958c6-3d03-43e3-b324-b3191d5c78f1,44.81666699051857
2e5d8815-4e59-4302-99c0-6fc9593a2eef,44.816666319966316
0e581334-ccca-4141-9731-ddf544b1c549,44.69999961555004
0e581334-ccca-4141-9731-ddf544b1c549,44.13333334028721
1f55d290-49ff-4512-b1c1-ee92ec9680ab,43.96666690707207
495958c6-3d03-43e3-b324-b3191d5c78f1,43.55000048875809
1fcdd2f5-13ed-4ee8-b4ec-706654e68472,42.48333290219307
2e5d8815-4e59-4302-99c0-6fc9593a2eef,42.31666713953018
5dafb3b2-22aa-4039-a2f0-3cf711f84177,41.79999992251396
0e581334-ccca-4141-9731-ddf544b1c549,41.43333323299885
67e4c352-bda1-4289-b0a4-0e25f67af5f2,41.03333339095116
2c4c1aa0-5dd6-4fc1-b474-6c2ed92dd43c,40.94999983906746
8ee31b32-9b50-47da-8927-801a62348cb5,40.31666658818722
45887b17-5c63-410d-9ae3-e645743c3076,39.949999898672104
33c08c48-f50a-4c72-a975-f8572d65a8db,39.5666666328907
36ca1a7a-a927-4838-bb36-4fcd974014c9,37.916666865348816
1f55d290-49ff-4512-b1c1-ee92ec9680ab,37.49999977648258
abce78a1-f8e6-4e9b-aafe-9786846e089e,37.450000047683716
tc83470b-61c3-48c5-9bf3-9d623942e2ec,37.20000006258488
a59f9f64-2937-40e6-bc28-e43fbab63a65,36.41666695475578
1f55d290-49ff-4512-b1c1-ee92ec9680ab,36.36666655540466
2c4c1aa0-5dd6-4fc1-b474-6c2ed92dd43c,34.65000048279762
45887b17-5c63-410d-9ae3-e645743c3076,34.63333323597908
d22c03ba-00f7-4473-bc9d-61136643994f,34.350000098347664
p3b4e81f-79de-4937-ba87-aec8e7e731af,33.566666319966316
98ea63ee-bba1-4ea5-8ada-1d0a2dd1f6fd,33.54999974370003
a59f9f64-2937-40e6-bc28-e43fbab63a65,33.233333453536034
1fcdd2f5-13ed-4ee8-b4ec-706654e68472,32.64999993145466
tc83470b-61c3-48c5-9bf3-9d623942e2ec,31.98333352804184
67e4c352-bda1-4289-b0a4-0e25f67af5f2,31.28333330154419
b12841ab-ad59-42bc-ad7c-8e9c97cb8fba,31.10000029206276
oab91046-1831-436d-a41d-da6ba1b2d385,31.016666740179062
67e4c352-bda1-4289-b0a4-0e25f67af5f2,30.500000193715096
8ee31b32-9b50-47da-8927-801a62348cb5,30.38333348929882
5dafb3b2-22aa-4039-a2f0-3cf711f84177,29.766666814684868
67e4c352-bda1-4289-b0a4-0e25f67af5f2,29.633333534002304
abce78a1-f8e6-4e9b-aafe-9786846e089e,29.46666643023491
p3b4e81f-79de-4937-ba87-aec8e7e731af,29.383333548903465
tc83470b-61c3-48c5-9bf3-9d623942e2ec,28.99999961256981
a59f9f64-2937-40e6-bc28-e43fbab63a65,28.983333706855774
98ea63ee-bba1-4ea5-8ada-1d0a2dd1f6fd,28.149999529123306
5dafb3b2-22aa-4039-a2f0-3cf711f84177,27.916666120290756
0b99d382-ea52-4a1d-8e9e-218933c0d7b8,27.28333353996277
2c4c1aa0-5dd6-4fc1-b474-6c2ed92dd43c,27.05000013113022
45887b17-5c63-410d-9ae3-e645743c3076,26.666666865348816
d22c03ba-00f7-4473-bc9d-61136643994f,24.916666969656944
33c08c48-f50a-4c72-a975-f8572d65a8db,24.866666570305824
p3b4e81f-79de-4937-ba87-aec8e7e731af,23.800000324845314
5dafb3b2-22aa-4039-a2f0-3cf711f84177,23.716666772961617
0e581334-ccca-4141-9731-ddf544b1c549,23.21666680276394
5dafb3b2-22aa-4039-a2f0-3cf711f84177,23.033333122730255
98ea63ee-bba1-4ea5-8ada-1d0a2dd1f6fd,22.366666719317436
6ecc43f1-87f4-4a10-b9b9-4447a5d0bc22,22.233333438634872
b12841ab-ad59-42bc-ad7c-8e9c97cb8fba,22.066666334867477
8ee31b32-9b50-47da-8927-801a62348cb5,22.04999975860119
1f55d290-49ff-4512-b1c1-ee92ec9680ab,21.649999916553497
36ca1a7a-a927-4838-bb36-4fcd974014c9,19.38333347439766
67e4c352-bda1-4289-b0a4-0e25f67af5f2,18.71666707098484
bfa0f1f9-300e-41ad-bcff-0c3bd79595f1,18.68333324790001
p3b4e81f-79de-4937-ba87-aec8e7e731af,18.616666942834854
2e5d8815-4e59-4302-99c0-6fc9593a2eef,18.333333134651184
45887b17-5c63-410d-9ae3-e645743c3076,18.23333367705345
33c08c48-f50a-4c72-a975-f8572d65a8db,18.01666684448719
a8c60645-aef4-4b4e-aefb-65e242536c2f,17.683333307504654
6ecc43f1-87f4-4a10-b9b9-4447a5d0bc22,17.30000004172325
b12841ab-ad59-42bc-ad7c-8e9c97cb8fba,16.583333238959312
495958c6-3d03-43e3-b324-b3191d5c78f1,16.43333338201046
495958c6-3d03-43e3-b324-b3191d5c78f1,15.483333840966225
45887b17-5c63-410d-9ae3-e645743c3076,15.483333170413971
98ea63ee-bba1-4ea5-8ada-1d0a2dd1f6fd,14.433332830667496
98ea63ee-bba1-4ea5-8ada-1d0a2dd1f6fd,14.099999964237213
0e581334-ccca-4141-9731-ddf544b1c549,13.599999994039536
33c08c48-f50a-4c72-a975-f8572d65a8db,13.549999594688416
f85a9fe3-1744-4181-b81c-a8f93df57f02,12.300000339746475
6ecc43f1-87f4-4a10-b9b9-4447a5d0bc22,12.13333323597908
bfa0f1f9-300e-41ad-bcff-0c3bd79595f1,11.566666960716248
2e5d8815-4e59-4302-99c0-6fc9593a2eef,10.649999901652336
45887b17-5c63-410d-9ae3-e645743c3076,9.866666793823242
p3b4e81f-79de-4937-ba87-aec8e7e731af,8.900000005960464
f85a9fe3-1744-4181-b81c-a8f93df57f02,8.58333371579647
6ecc43f1-87f4-4a10-b9b9-4447a5d0bc22,8.200000450015068
abce78a1-f8e6-4e9b-aafe-9786846e089e,7.816666513681412
f85a9fe3-1744-4181-b81c-a8f93df57f02,7.6500000804662704
67e4c352-bda1-4289-b0a4-0e25f67af5f2,7.433333247900009
a8c60645-aef4-4b4e-aefb-65e242536c2f,7.216666415333748
495958c6-3d03-43e3-b324-b3191d5c78f1,6.9333332777023315
p3b4e81f-79de-4937-ba87-aec8e7e731af,6.53333343565464
abce78a1-f8e6-4e9b-aafe-9786846e089e,6.283333450555801
p3b4e81f-79de-4937-ba87-aec8e7e731af,5.5000003427267075
1fcdd2f5-13ed-4ee8-b4ec-706654e68472,5.00000037252903
8ee31b32-9b50-47da-8927-801a62348cb5,4.133333712816238
2c4c1aa0-5dd6-4fc1-b474-6c2ed92dd43c,3.983333185315132
d22c03ba-00f7-4473-bc9d-61136643994f,3.2499998062849045
36ca1a7a-a927-4838-bb36-4fcd974014c9,2.866666540503502
0b99d382-ea52-4a1d-8e9e-218933c0d7b8,2.499999850988388
33c08c48-f50a-4c72-a975-f8572d65a8db,2.3499999940395355
f85a9fe3-1744-4181-b81c-a8f93df57f02,2.2333332896232605
98ea63ee-bba1-4ea5-8ada-1d0a2dd1f6fd,1.3166669011116028
a8c60645-aef4-4b4e-aefb-65e242536c2f,1.2833330780267715
33c08c48-f50a-4c72-a975-f8572d65a8db,0.8666666597127914
1fcdd2f5-13ed-4ee8-b4ec-706654e68472,0.8000003546476364
2e5d8815-4e59-4302-99c0-6fc9593a2eef,0.7666665315628052
1f55d290-49ff-4512-b1c1-ee92ec9680ab,0.6499998271465302
